,Unnamed: 0.1,Unnamed: 0,id,SMILES_x,SMILES_y,smiles
0,20146,20146,4539,,[H]C(=C(C#N)c1c([H])c([H])c(C([H])([H])[H])c([H])c1[H])c1c([H])c([H])c(OC([H])([H])[H])c(OC([H])([H])[H])c1[H],[H]C(=C(C#N)c1c([H])c([H])c(C([H])([H])[H])c([H])c1[H])c1c([H])c([H])c(OC([H])([H])[H])c(OC([H])([H])[H])c1[H]
1,20147,20147,4540,,[H]C1=C([H])C(=O)C(C([H])=C([H])c2c([H])c([H])nc(-c3nc([H])c([H])c(C([H])([H])[H])c3[H])c2[H])=C([H])C1=O,[H]C1=C([H])C(=O)C(C([H])=C([H])c2c([H])c([H])nc(-c3nc([H])c([H])c(C([H])([H])[H])c3[H])c2[H])=C([H])C1=O
2,20148,20148,4541,,[H]c1c([H])c(C(C#N)=C(C#N)C#N)c([H])c2c1OC([H])([H])O2,[H]c1c([H])c(C(C#N)=C(C#N)C#N)c([H])c2c1OC([H])([H])O2
4,20150,20150,4701,,[H]C([H])([H])OS(=O)(=O)C([H])([H])[H],[H]C([H])([H])OS(=O)(=O)C([H])([H])[H]
5,20151,20151,4722,,[H]C#CC([H])([H])C([H])([H])C([H])([H])C([H])([H])C([H])([H])C([H])([H])C([H])([H])[H],[H]C#CC([H])([H])C([H])([H])C([H])([H])C([H])([H])C([H])([H])C([H])([H])C([H])([H])[H]
6,20152,20152,4743,,[H]OC(=O)c1c([H])oc(=O)c([H])c1[H],[H]OC(=O)c1c([H])oc(=O)c([H])c1[H]
7,20153,20153,4747,,[H]C(=O)c1c([H])c([H])c(C([H])([H])[H])c([H])c1[H],[H]C(=O)c1c([H])c([H])c(C([H])([H])[H])c([H])c1[H]
8,20154,20154,4754,,[H]c1sc([H])c([N+](=O)[O-])c1[H],[H]c1sc([H])c([N+](=O)[O-])c1[H]
9,20155,20155,4755,,[H]OC(=O)c1oc(C([H])([H])C([H])([H])[H])c([H])c1[H],[H]OC(=O)c1oc(C([H])([H])C([H])([H])[H])c([H])c1[H]
10,20156,20156,4775,,[H]c1c([H])c(C([H])([H])[H])c([H])c([H])c1-n1c([H])c([H])c([H])c1[H],[H]c1c([H])c(C([H])([H])[H])c([H])c([H])c1-n1c([H])c([H])c([H])c1[H]
11,20157,20157,4776,,[H]c1oc(C(=O)C([H])([H])C([H])([H])[H])c([H])c1[H],[H]c1oc(C(=O)C([H])([H])C([H])([H])[H])c([H])c1[H]
12,20158,20158,4791,,[H]C1([H])OC2(OC1([H])[H])C([H])([H])C([H])([H])C([H])([H])C([H])([H])C2([H])[H],[H]C1([H])OC2(OC1([H])[H])C([H])([H])C([H])([H])C([H])([H])C([H])([H])C2([H])[H]
13,20159,20159,4796,,[H]OC([H])([H])C([H])([H])F,[H]OC([H])([H])C([H])([H])F
15,20161,20161,4836,,[H]C([H])(Cl)C([H])(Cl)C([H])(Cl)C([H])([H])Cl,[H]C([H])(Cl)C([H])(Cl)C([H])(Cl)C([H])([H])Cl
16,20162,20162,4886,,[H]c1c([H])c([H])c2c(sc3c2sc2c([H])c([H])c([H])c([H])c23)c1[H],[H]c1c([H])c([H])c2c(sc3c2sc2c([H])c([H])c([H])c([H])c23)c1[H]
17,20163,20163,4890,,[H]C([H])([H])C([H])(SSC([H])(C([H])([H])[H])C([H])([H])[H])C([H])([H])[H],[H]C([H])([H])C([H])(SSC([H])(C([H])([H])[H])C([H])([H])[H])C([H])([H])[H]
18,20164,20164,4925,,[H]C([H])([H])C(=O)C([H])([H])N(C([H])([H])[H])C([H])([H])[H],[H]C([H])([H])C(=O)C([H])([H])N(C([H])([H])[H])C([H])([H])[H]
22,20168,20168,4944,,[H]C([H])([H])OS(=O)OC([H])([H])[H],[H]C([H])([H])OS(=O)OC([H])([H])[H]
23,20169,20169,4946,,[H]C([H])([H])OS(=O)(=O)F,[H]C([H])([H])OS(=O)(=O)F
24,20170,20170,4947,,[H]C([H])([H])OS(=O)(=O)C(F)(F)F,[H]C([H])([H])OS(=O)(=O)C(F)(F)F
25,20171,20171,4948,,[H]C([H])([H])C([H])([H])OS(=O)(=O)F,[H]C([H])([H])C([H])([H])OS(=O)(=O)F
26,20172,20172,4957,,[H]c1c([H])c([H])c(C(N=C=NC(C([H])([H])[H])(C([H])([H])[H])C([H])([H])[H])(c2c([H])c([H])c([H])c([H])c2[H])c2c([H])c([H])c([H])c([H])c2[H])c([H])c1[H],[H]c1c([H])c([H])c(C(N=C=NC(C([H])([H])[H])(C([H])([H])[H])C([H])([H])[H])(c2c([H])c([H])c([H])c([H])c2[H])c2c([H])c([H])c([H])c([H])c2[H])c([H])c1[H]
27,20173,20173,4958,,[H]c1c([H])c(C([H])([H])[H])c([H])c([H])c1N=C=Nc1c([H])c([H])c(C([H])([H])[H])c([H])c1[H],[H]c1c([H])c(C([H])([H])[H])c([H])c([H])c1N=C=Nc1c([H])c([H])c(C([H])([H])[H])c([H])c1[H]
28,20174,20174,4959,,[H]c1c([H])c([H])c(C([H])([H])SC#N)c([H])c1[H],[H]c1c([H])c([H])c(C([H])([H])SC#N)c([H])c1[H]
29,20175,20175,4963,,[H]c1c([H])c(C([H])([H])C#N)c([H])c([H])c1C([H])([H])C#N,[H]c1c([H])c(C([H])([H])C#N)c([H])c([H])c1C([H])([H])C#N
30,20176,20176,4964,,[H]c1c([H])c(C([H])(C#N)C([H])([H])[H])c([H])c([H])c1Cl,[H]c1c([H])c(C([H])(C#N)C([H])([H])[H])c([H])c([H])c1Cl
32,20178,20178,4991,,[H]c1c([H])c(C(=O)Cl)c([H])c([H])c1C(=O)Cl,[H]c1c([H])c(C(=O)Cl)c([H])c([H])c1C(=O)Cl
33,20179,20179,4992,,[H]c1c([H])c([H])c(C([H])(Cl)C(=O)Cl)c([H])c1[H],[H]c1c([H])c([H])c(C([H])(Cl)C(=O)Cl)c([H])c1[H]
34,20180,20180,4993,,[H]c1c([H])c([H])c(OC([H])([H])C(=O)Cl)c([H])c1[H],[H]c1c([H])c([H])c(OC([H])([H])C(=O)Cl)c([H])c1[H]
35,20181,20181,4994,,[H]c1c([H])c([H])c(N(C(=O)Cl)c2c([H])c([H])c([H])c([H])c2[H])c([H])c1[H],[H]c1c([H])c([H])c(N(C(=O)Cl)c2c([H])c([H])c([H])c([H])c2[H])c([H])c1[H]
36,20182,20182,4996,,[H]c1c(C#N)c([H])c([N+](=O)[O-])c(Cl)c1[N+](=O)[O-],[H]c1c(C#N)c([H])c([N+](=O)[O-])c(Cl)c1[N+](=O)[O-]
37,20183,20183,5000,,[H]c1c(C([H])([H])[H])c([H])c(C([H])([H])[H])c(C#N)c1C([H])([H])[H],[H]c1c(C([H])([H])[H])c([H])c(C([H])([H])[H])c(C#N)c1C([H])([H])[H]
38,20184,20184,5002,,[H]c1c([H])c(OC([H])([H])[H])c(OC([H])([H])[H])c(OC([H])([H])[H])c1C#N,[H]c1c([H])c(OC([H])([H])[H])c(OC([H])([H])[H])c(OC([H])([H])[H])c1C#N
39,20185,20185,5004,,[H]c1c(Cl)c([H])c(C#N)c([H])c1Cl,[H]c1c(Cl)c([H])c(C#N)c([H])c1Cl
41,20187,20187,5009,,[H]c1c([H])c([H])c(OC(=O)Oc2c([H])c([H])c([H])c([H])c2[H])c([H])c1[H],[H]c1c([H])c([H])c(OC(=O)Oc2c([H])c([H])c([H])c([H])c2[H])c([H])c1[H]
44,20191,20191,5041,,[H]C(=NC([H])([H])C([H])=C([H])[H])c1c([H])c([H])c(C([H])=NC([H])([H])C([H])=C([H])[H])c([H])c1[H],[H]C(=NC([H])([H])C([H])=C([H])[H])c1c([H])c([H])c(C([H])=NC([H])([H])C([H])=C([H])[H])c([H])c1[H]
45,20192,20192,5042,,[H]C([H])=C([H])Oc1c(OC([H])=C([H])[H])c([H])c2c([H])c([H])c([H])c([H])c2c1[H],[H]C([H])=C([H])Oc1c(OC([H])=C([H])[H])c([H])c2c([H])c([H])c([H])c([H])c2c1[H]
46,20193,20193,5051,,[H]C([H])=C([H])C([H])([H])Oc1c([H])c([H])c([H])c([H])c1[H],[H]C([H])=C([H])C([H])([H])Oc1c([H])c([H])c([H])c([H])c1[H]
47,20194,20194,5052,,[H]C([H])=C([H])C([H])([H])Oc1c([H])c([H])c(C([H])(C([H])([H])[H])C([H])([H])C([H])([H])[H])c([H])c1[H],[H]C([H])=C([H])C([H])([H])Oc1c([H])c([H])c(C([H])(C([H])([H])[H])C([H])([H])C([H])([H])[H])c([H])c1[H]
48,20195,20195,5053,,[H]C([H])=C([H])C([H])([H])Oc1c([H])c([H])c(C(C([H])([H])[H])(C([H])([H])[H])C([H])([H])[H])c([H])c1[H],[H]C([H])=C([H])C([H])([H])Oc1c([H])c([H])c(C(C([H])([H])[H])(C([H])([H])[H])C([H])([H])[H])c([H])c1[H]
49,20196,20196,5054,,[H]C([H])=C([H])C([H])([H])Oc1c([H])c([H])c(OC([H])([H])[H])c([H])c1[H],[H]C([H])=C([H])C([H])([H])Oc1c([H])c([H])c(OC([H])([H])[H])c([H])c1[H]
50,20197,20197,5055,,[H]C([H])=C([H])C([H])([H])Oc1c([H])c([H])c(OC([H])([H])C([H])([H])[H])c([H])c1[H],[H]C([H])=C([H])C([H])([H])Oc1c([H])c([H])c(OC([H])([H])C([H])([H])[H])c([H])c1[H]
51,20198,20198,5056,,[H]C([H])=C([H])C([H])([H])Oc1c([H])c([H])c(SC([H])([H])[H])c([H])c1[H],[H]C([H])=C([H])C([H])([H])Oc1c([H])c([H])c(SC([H])([H])[H])c([H])c1[H]
52,20199,20199,5057,,[H]C([H])=C([H])C([H])([H])Oc1c([H])c([H])c(F)c([H])c1[H],[H]C([H])=C([H])C([H])([H])Oc1c([H])c([H])c(F)c([H])c1[H]
53,20200,20200,5058,,[H]C([H])=C([H])C([H])([H])Oc1c([H])c([H])c(Cl)c([H])c1[H],[H]C([H])=C([H])C([H])([H])Oc1c([H])c([H])c(Cl)c([H])c1[H]
54,20201,20201,5061,,[H]C([H])=C([H])C([H])([H])Oc1c([H])c(C([H])([H])[H])c([H])c(C([H])([H])[H])c1[H],[H]C([H])=C([H])C([H])([H])Oc1c([H])c(C([H])([H])[H])c([H])c(C([H])([H])[H])c1[H]
55,20202,20202,5062,,[H]C([H])=C([H])C([H])([H])Oc1c([H])c(C(C([H])([H])[H])(C([H])([H])[H])C([H])([H])[H])c([H])c(C(C([H])([H])[H])(C([H])([H])[H])C([H])([H])[H])c1[H],[H]C([H])=C([H])C([H])([H])Oc1c([H])c(C(C([H])([H])[H])(C([H])([H])[H])C([H])([H])[H])c([H])c(C(C([H])([H])[H])(C([H])([H])[H])C([H])([H])[H])c1[H]
56,20203,20203,5063,,[H]C([H])=C([H])C([H])([H])Oc1c([H])c(C([H])([H])[H])c(Cl)c(C([H])([H])[H])c1[H],[H]C([H])=C([H])C([H])([H])Oc1c([H])c(C([H])([H])[H])c(Cl)c(C([H])([H])[H])c1[H]
57,20204,20204,5064,,[H]C([H])=C([H])C([H])([H])Oc1c([H])c(OC([H])([H])[H])c([H])c(OC([H])([H])[H])c1[H],[H]C([H])=C([H])C([H])([H])Oc1c([H])c(OC([H])([H])[H])c([H])c(OC([H])([H])[H])c1[H]
58,20205,20205,5065,,[H]C([H])=C([H])C([H])([H])Oc1c([H])c(Cl)c([H])c(Cl)c1[H],[H]C([H])=C([H])C([H])([H])Oc1c([H])c(Cl)c([H])c(Cl)c1[H]
59,20206,20206,5066,,[H]C([H])=C([H])C([H])([H])Oc1c([H])c(F)c([H])c(F)c1[H],[H]C([H])=C([H])C([H])([H])Oc1c([H])c(F)c([H])c(F)c1[H]
60,20207,20207,5067,,[H]C([H])=C([H])C([H])([H])Oc1c([H])c(OC([H])([H])[H])c(OC([H])([H])[H])c(OC([H])([H])[H])c1[H],[H]C([H])=C([H])C([H])([H])Oc1c([H])c(OC([H])([H])[H])c(OC([H])([H])[H])c(OC([H])([H])[H])c1[H]
61,20208,20208,5068,,[H]C([H])=C([H])C([H])([H])Oc1c([H])c([H])c([H])c(C([H])([H])[H])c1[H],[H]C([H])=C([H])C([H])([H])Oc1c([H])c([H])c([H])c(C([H])([H])[H])c1[H]
62,20209,20209,5069,,[H]C([H])=C([H])C([H])([H])Oc1c([H])c([H])c([H])c(C([H])([H])C([H])([H])[H])c1[H],[H]C([H])=C([H])C([H])([H])Oc1c([H])c([H])c([H])c(C([H])([H])C([H])([H])[H])c1[H]
63,20210,20210,5070,,[H]C([H])=C([H])C([H])([H])Oc1c([H])c([H])c([H])c(C([H])(C([H])([H])[H])C([H])([H])[H])c1[H],[H]C([H])=C([H])C([H])([H])Oc1c([H])c([H])c([H])c(C([H])(C([H])([H])[H])C([H])([H])[H])c1[H]
64,20211,20211,5071,,[H]C([H])=C([H])C([H])([H])Oc1c([H])c([H])c(Cl)c(C([H])([H])C([H])([H])[H])c1[H],[H]C([H])=C([H])C([H])([H])Oc1c([H])c([H])c(Cl)c(C([H])([H])C([H])([H])[H])c1[H]
65,20212,20212,5072,,[H]C([H])=C([H])C([H])([H])Oc1c([H])c([H])c2c(c1[H])C([H])([H])C([H])([H])C2([H])[H],[H]C([H])=C([H])C([H])([H])Oc1c([H])c([H])c2c(c1[H])C([H])([H])C([H])([H])C2([H])[H]
66,20213,20213,5073,,[H]C([H])=C([H])C([H])([H])Oc1c([H])c([H])c(OC([H])([H])[H])c(OC([H])([H])[H])c1[H],[H]C([H])=C([H])C([H])([H])Oc1c([H])c([H])c(OC([H])([H])[H])c(OC([H])([H])[H])c1[H]
67,20214,20214,5074,,[H]C([H])=C([H])C([H])([H])Oc1c([H])c([H])c2c(c1[H])OC([H])([H])O2,[H]C([H])=C([H])C([H])([H])Oc1c([H])c([H])c2c(c1[H])OC([H])([H])O2
68,20215,20215,5075,,[H]C([H])=C([H])C([H])([H])Oc1c([H])c([H])c(F)c(F)c1[H],[H]C([H])=C([H])C([H])([H])Oc1c([H])c([H])c(F)c(F)c1[H]
69,20216,20216,5076,,[H]C([H])=C([H])C([H])([H])Oc1c([H])c([H])c([H])c([H])c1C([H])(C([H])([H])[H])C([H])([H])[H],[H]C([H])=C([H])C([H])([H])Oc1c([H])c([H])c([H])c([H])c1C([H])(C([H])([H])[H])C([H])([H])[H]
70,20217,20217,5077,,[H]C([H])=C([H])C([H])([H])Oc1c([H])c([H])c([H])c([H])c1C([H])(C([H])([H])[H])C([H])([H])C([H])([H])[H],[H]C([H])=C([H])C([H])([H])Oc1c([H])c([H])c([H])c([H])c1C([H])(C([H])([H])[H])C([H])([H])C([H])([H])[H]
71,20218,20218,5078,,[H]C([H])=C([H])C([H])([H])Oc1c([H])c([H])c([H])c([H])c1C(C([H])([H])[H])(C([H])([H])[H])C([H])([H])[H],[H]C([H])=C([H])C([H])([H])Oc1c([H])c([H])c([H])c([H])c1C(C([H])([H])[H])(C([H])([H])[H])C([H])([H])[H]
72,20219,20219,5079,,[H]C([H])=C([H])C([H])([H])Oc1c([H])c([H])c([H])c(F)c1F,[H]C([H])=C([H])C([H])([H])Oc1c([H])c([H])c([H])c(F)c1F
73,20220,20220,5080,,[H]C([H])=C([H])C([H])([H])Oc1c([H])c([H])c(F)c([H])c1F,[H]C([H])=C([H])C([H])([H])Oc1c([H])c([H])c(F)c([H])c1F
74,20221,20221,5081,,[H]C([H])=C([H])C([H])([H])Oc1c([H])c(C([H])([H])[H])c([H])c([H])c1Cl,[H]C([H])=C([H])C([H])([H])Oc1c([H])c(C([H])([H])[H])c([H])c([H])c1Cl
75,20222,20222,5082,,[H]C([H])=C([H])C([H])([H])Oc1c([H])c(C([H])([H])[H])c(C([H])([H])[H])c([H])c1Cl,[H]C([H])=C([H])C([H])([H])Oc1c([H])c(C([H])([H])[H])c(C([H])([H])[H])c([H])c1Cl
76,20223,20223,5083,,[H]C([H])=C([H])C([H])([H])Oc1c([H])c([H])c([H])c(Cl)c1Cl,[H]C([H])=C([H])C([H])([H])Oc1c([H])c([H])c([H])c(Cl)c1Cl
77,20224,20224,5084,,[H]C([H])=C([H])C([H])([H])Oc1c([H])c([H])c(Cl)c([H])c1Cl,[H]C([H])=C([H])C([H])([H])Oc1c([H])c([H])c(Cl)c([H])c1Cl
78,20225,20225,5085,,[H]C([H])=C([H])C([H])([H])Oc1c([H])c(Cl)c([H])c([H])c1Cl,[H]C([H])=C([H])C([H])([H])Oc1c([H])c(Cl)c([H])c([H])c1Cl
79,20226,20226,5087,,[H]C([H])=C([H])C([H])([H])Oc1c(C([H])(C([H])([H])[H])C([H])([H])[H])c([H])c([H])c([H])c1C([H])(C([H])([H])[H])C([H])([H])[H],[H]C([H])=C([H])C([H])([H])Oc1c(C([H])(C([H])([H])[H])C([H])([H])[H])c([H])c([H])c([H])c1C([H])(C([H])([H])[H])C([H])([H])[H]
80,20227,20227,5088,,[H]C([H])=C([H])C([H])([H])Oc1c(C([H])([H])[H])c([H])c([H])c([H])c1C(C([H])([H])[H])(C([H])([H])[H])C([H])([H])[H],[H]C([H])=C([H])C([H])([H])Oc1c(C([H])([H])[H])c([H])c([H])c([H])c1C(C([H])([H])[H])(C([H])([H])[H])C([H])([H])[H]
81,20228,20228,5089,,[H]C([H])=C([H])C([H])([H])Oc1c(OC([H])([H])[H])c([H])c([H])c([H])c1OC([H])([H])[H],[H]C([H])=C([H])C([H])([H])Oc1c(OC([H])([H])[H])c([H])c([H])c([H])c1OC([H])([H])[H]
82,20229,20229,5090,,[H]C([H])=C([H])C([H])([H])Oc1c(F)c([H])c([H])c([H])c1F,[H]C([H])=C([H])C([H])([H])Oc1c(F)c([H])c([H])c([H])c1F
83,20230,20230,5091,,[H]C([H])=C([H])C([H])([H])Oc1c(Cl)c([H])c([H])c([H])c1Cl,[H]C([H])=C([H])C([H])([H])Oc1c(Cl)c([H])c([H])c([H])c1Cl
84,20231,20231,5092,,[H]C(Oc1c([H])c([H])c([H])c([H])c1[H])=C([H])C([H])([H])[H],[H]C(Oc1c([H])c([H])c([H])c([H])c1[H])=C([H])C([H])([H])[H]
85,20232,20232,5093,,[H]C(Oc1c([H])c([H])c(C([H])([H])[H])c([H])c1[H])=C([H])C([H])([H])[H],[H]C(Oc1c([H])c([H])c(C([H])([H])[H])c([H])c1[H])=C([H])C([H])([H])[H]
86,20233,20233,5094,,[H]C(Oc1c([H])c([H])c(C([H])(C([H])([H])[H])C([H])([H])[H])c([H])c1[H])=C([H])C([H])([H])[H],[H]C(Oc1c([H])c([H])c(C([H])(C([H])([H])[H])C([H])([H])[H])c([H])c1[H])=C([H])C([H])([H])[H]
87,20234,20234,5095,,[H]C(Oc1c([H])c([H])c(Cl)c([H])c1[H])=C([H])C([H])([H])[H],[H]C(Oc1c([H])c([H])c(Cl)c([H])c1[H])=C([H])C([H])([H])[H]
88,20235,20235,5096,,[H]C(Oc1c([H])c(C([H])([H])[H])c(Cl)c(C([H])([H])[H])c1[H])=C([H])C([H])([H])[H],[H]C(Oc1c([H])c(C([H])([H])[H])c(Cl)c(C([H])([H])[H])c1[H])=C([H])C([H])([H])[H]
89,20236,20236,5097,,[H]C(Oc1c([H])c([H])c([H])c(C([H])([H])[H])c1[H])=C([H])C([H])([H])[H],[H]C(Oc1c([H])c([H])c([H])c(C([H])([H])[H])c1[H])=C([H])C([H])([H])[H]
90,20237,20237,5098,,[H]C(Oc1c([H])c([H])c([H])c(C([H])([H])C([H])([H])[H])c1[H])=C([H])C([H])([H])[H],[H]C(Oc1c([H])c([H])c([H])c(C([H])([H])C([H])([H])[H])c1[H])=C([H])C([H])([H])[H]
91,20238,20238,5099,,[H]C(Oc1c([H])c([H])c2c(c1[H])OC([H])([H])O2)=C([H])C([H])([H])[H],[H]C(Oc1c([H])c([H])c2c(c1[H])OC([H])([H])O2)=C([H])C([H])([H])[H]
92,20239,20239,5100,,[H]C(Oc1c([H])c(Cl)c([H])c(OC([H])([H])[H])c1[H])=C([H])C([H])([H])[H],[H]C(Oc1c([H])c(Cl)c([H])c(OC([H])([H])[H])c1[H])=C([H])C([H])([H])[H]
97,20244,20244,7498,,[H]c1c([H])c(C([H])([H])[H])c([H])c([H])c1N=NC1([H])C(=O)N(C2([H])OC([H])(C([H])([H])OC(=O)C([H])([H])[H])C([H])(OC(=O)C([H])([H])[H])C2([H])OC(=O)C([H])([H])[H])N=C1C(F)(F)F,[H]c1c([H])c(C([H])([H])[H])c([H])c([H])c1N=NC1([H])C(=O)N(C2([H])OC([H])(C([H])([H])OC(=O)C([H])([H])[H])C([H])(OC(=O)C([H])([H])[H])C2([H])OC(=O)C([H])([H])[H])N=C1C(F)(F)F
98,20245,20245,7556,,[H]C([H])([H])C([H])([H])C([H])(Cl)[N+](=O)[O-],[H]C([H])([H])C([H])([H])C([H])(Cl)[N+](=O)[O-]
99,20246,20246,7561,,[H]C([H])([H])C([H])(C([H])([H])C([H])([H])Cl)C([H])([H])C([H])([H])Cl,[H]C([H])([H])C([H])(C([H])([H])C([H])([H])Cl)C([H])([H])C([H])([H])Cl
100,20247,20247,7565,,[H]C([H])([H])C([H])([H])OC([H])(OC([H])([H])C([H])([H])[H])C([H])(Cl)Cl,[H]C([H])([H])C([H])([H])OC([H])(OC([H])([H])C([H])([H])[H])C([H])(Cl)Cl
101,20248,20248,8252,,[H]C(=C([H])C([H])([H])SC#N)c1c([H])c([H])c([H])c([H])c1[H],[H]C(=C([H])C([H])([H])SC#N)c1c([H])c([H])c([H])c([H])c1[H]
102,20249,20249,8253,,[H]C(=C([H])C([H])([H])C([H])([H])C([H])([H])C([H])([H])[H])C([H])([H])C([H])([H])C([H])([H])C([H])([H])[H],[H]C(=C([H])C([H])([H])C([H])([H])C([H])([H])C([H])([H])[H])C([H])([H])C([H])([H])C([H])([H])C([H])([H])[H]
103,20250,20250,8254,,[H]OC(=O)C([H])([H])C([H])([H])C([H])([H])C([H])([H])C([H])([H])C([H])([H])C([H])([H])C([H])=C([H])C([H])([H])C([H])(O[H])C([H])([H])C([H])([H])C([H])([H])C([H])([H])C([H])([H])C([H])([H])[H],[H]OC(=O)C([H])([H])C([H])([H])C([H])([H])C([H])([H])C([H])([H])C([H])([H])C([H])([H])C([H])=C([H])C([H])([H])C([H])(O[H])C([H])([H])C([H])([H])C([H])([H])C([H])([H])C([H])([H])C([H])([H])[H]
104,20251,20251,8284,,[H]c1nc([H])c(Cl)c([H])c1Cl,[H]c1nc([H])c(Cl)c([H])c1Cl
105,20252,20252,8286,,[H]c1nc([H])c(C([H])([H])[H])c([H])c1C#N,[H]c1nc([H])c(C([H])([H])[H])c([H])c1C#N
106,20253,20253,8293,,[H]c1c([H])c(C(Cl)(Cl)Cl)c([H])c(C(Cl)(Cl)Cl)c1[H],[H]c1c([H])c(C(Cl)(Cl)Cl)c([H])c(C(Cl)(Cl)Cl)c1[H]
107,20254,20254,8294,,[H]C([H])=C([H])C([H])([H])OC(=O)c1c([H])c([H])c([H])c(C(=O)OC([H])([H])C([H])=C([H])[H])c1[H],[H]C([H])=C([H])C([H])([H])OC(=O)c1c([H])c([H])c([H])c(C(=O)OC([H])([H])C([H])=C([H])[H])c1[H]
108,20255,20255,8348,,[H]C([H])(Cl)C([H])(Cl)Cl,[H]C([H])(Cl)C([H])(Cl)Cl
109,20256,20256,8378,,[H]C(=C(Cl)C([H])([H])[H])C([H])([H])Cl,[H]C(=C(Cl)C([H])([H])[H])C([H])([H])Cl
110,20257,20257,9604,,[H]C([H])([H])OC([H])(Cl)Cl,[H]C([H])([H])OC([H])(Cl)Cl
112,20259,20259,9611,,[H]C1([H])C([H])([H])C2([H])OC1([H])C([H])([H])C2([H])[H],[H]C1([H])C([H])([H])C2([H])OC1([H])C([H])([H])C2([H])[H]
115,20262,20262,11406,,[H]C([H])([H])N(C([H])([H])[H])C([H])([H])N(C([H])([H])[H])C([H])([H])[H],[H]C([H])([H])N(C([H])([H])[H])C([H])([H])N(C([H])([H])[H])C([H])([H])[H]
116,20263,20263,11407,,[H]C1([H])N2C([H])([H])C([H])([H])N(C1([H])[H])C([H])([H])C2([H])[H],[H]C1([H])N2C([H])([H])C([H])([H])N(C1([H])[H])C([H])([H])C2([H])[H]
118,20265,20265,11409,,[H]C([H])([H])C([H])([H])C([H])([H])O[N+](=O)[O-],[H]C([H])([H])C([H])([H])C([H])([H])O[N+](=O)[O-]
119,20266,20266,11451,,[H]C(=O)c1c([H])c([H])c(-c2c([H])c([H])nc([H])c2[H])c([H])c1[H],[H]C(=O)c1c([H])c([H])c(-c2c([H])c([H])nc([H])c2[H])c([H])c1[H]
121,20268,20268,11454,,[H]C([H])(Cl)C(=O)C([H])([H])Cl,[H]C([H])(Cl)C(=O)C([H])([H])Cl
122,20269,20269,11455,,[H]C(Cl)(Cl)C(=O)C([H])(Cl)Cl,[H]C(Cl)(Cl)C(=O)C([H])(Cl)Cl
123,20270,20270,11457,,[H]C(Cl)(Cl)C(=O)C(Cl)(Cl)Cl,[H]C(Cl)(Cl)C(=O)C(Cl)(Cl)Cl
124,20271,20271,11458,,[H]OC(C(=O)C([H])([H])[H])(C([H])([H])[H])C([H])([H])[H],[H]OC(C(=O)C([H])([H])[H])(C([H])([H])[H])C([H])([H])[H]
125,20272,20272,11463,,[H]C([H])([H])S(=O)(=O)Cl,[H]C([H])([H])S(=O)(=O)Cl
126,20273,20273,11464,,[H]C([H])([H])N(C([H])([H])[H])S(=O)(=O)Cl,[H]C([H])([H])N(C([H])([H])[H])S(=O)(=O)Cl
127,20274,20274,11474,,[H]c1c([H])c([H])c(C([H])([H])C(=O)Cl)c([H])c1[H],[H]c1c([H])c([H])c(C([H])([H])C(=O)Cl)c([H])c1[H]
128,20275,20275,11475,,[H]c1c([H])c([H])c(C(Cl)(C(=O)Cl)c2c([H])c([H])c([H])c([H])c2[H])c([H])c1[H],[H]c1c([H])c([H])c(C(Cl)(C(=O)Cl)c2c([H])c([H])c([H])c([H])c2[H])c([H])c1[H]
129,20276,20276,11566,,[H]c1c([H])c([H])c(C([H])(C#N)c2c([H])c([H])c([H])c([H])c2[H])c([H])c1[H],[H]c1c([H])c([H])c(C([H])(C#N)c2c([H])c([H])c([H])c([H])c2[H])c([H])c1[H]
130,20277,20277,11568,,[H]c1c([H])c([H])c(C(C#N)(c2c([H])c([H])c([H])c([H])c2[H])C([H])([H])[H])c([H])c1[H],[H]c1c([H])c([H])c(C(C#N)(c2c([H])c([H])c([H])c([H])c2[H])C([H])([H])[H])c([H])c1[H]
141,20288,20288,11846,,[H]C(=C([H])c1c([H])c([H])c(C(C#N)=C([H])c2c([H])c([H])c([H])c([H])c2[H])c([H])c1[H])c1c([H])c([H])c([H])c([H])c1[H],[H]C(=C([H])c1c([H])c([H])c(C(C#N)=C([H])c2c([H])c([H])c([H])c([H])c2[H])c([H])c1[H])c1c([H])c([H])c([H])c([H])c1[H]
147,20294,20294,11911,,[H]Oc1c([H])c([H])c(C([H])(c2c([H])c([H])c(O[H])c([H])c2[H])C(F)(F)C(F)(F)F)c([H])c1[H],[H]Oc1c([H])c([H])c(C([H])(c2c([H])c([H])c(O[H])c([H])c2[H])C(F)(F)C(F)(F)F)c([H])c1[H]
149,20296,20296,11953,,[H]c1nc(-c2nc(OS(=O)(=O)C(F)(F)F)c([H])c([H])c2[H])c([H])c([H])c1[H],[H]c1nc(-c2nc(OS(=O)(=O)C(F)(F)F)c([H])c([H])c2[H])c([H])c([H])c1[H]
153,20300,20300,12059,,[H]OC(=O)c1c([H])c([H])c(C#Cc2c([H])c([H])c(C(=O)O[H])c([H])c2[H])c([H])c1[H],[H]OC(=O)c1c([H])c([H])c(C#Cc2c([H])c([H])c(C(=O)O[H])c([H])c2[H])c([H])c1[H]
159,20306,20306,13589,,[H]C([H])=C([H])C([H])([H])Oc1c([H])c([H])c([H])c(Cl)c1[H],[H]C([H])=C([H])C([H])([H])Oc1c([H])c([H])c([H])c(Cl)c1[H]
160,20307,20307,13591,,[H]C([H])=C([H])C([H])([H])Oc1c([H])c([H])c(Cl)c(Cl)c1[H],[H]C([H])=C([H])C([H])([H])Oc1c([H])c([H])c(Cl)c(Cl)c1[H]
161,20308,20308,13592,,[H]C([H])=C([H])C([H])([H])Oc1c([H])c([H])c(F)c(Cl)c1[H],[H]C([H])=C([H])C([H])([H])Oc1c([H])c([H])c(F)c(Cl)c1[H]
162,20309,20309,13593,,[H]C([H])=C([H])C([H])([H])Oc1c([H])c([H])c([H])c([H])c1C([H])([H])[H],[H]C([H])=C([H])C([H])([H])Oc1c([H])c([H])c([H])c([H])c1C([H])([H])[H]
163,20310,20310,13594,,[H]C([H])=C([H])C([H])([H])Oc1c([H])c([H])c([H])c([H])c1C([H])([H])C([H])([H])[H],[H]C([H])=C([H])C([H])([H])Oc1c([H])c([H])c([H])c([H])c1C([H])([H])C([H])([H])[H]
164,20311,20311,13596,,[H]C([H])=C([H])C([H])([H])Oc1c([H])c([H])c([H])c([H])c1OC([H])([H])C([H])([H])[H],[H]C([H])=C([H])C([H])([H])Oc1c([H])c([H])c([H])c([H])c1OC([H])([H])C([H])([H])[H]
165,20312,20312,13597,,[H]C([H])=C([H])C([H])([H])Oc1c([H])c([H])c([H])c([H])c1OC([H])(C([H])([H])[H])C([H])([H])[H],[H]C([H])=C([H])C([H])([H])Oc1c([H])c([H])c([H])c([H])c1OC([H])(C([H])([H])[H])C([H])([H])[H]
166,20313,20313,13598,,[H]C([H])=C([H])C([H])([H])Oc1c([H])c([H])c([H])c([H])c1F,[H]C([H])=C([H])C([H])([H])Oc1c([H])c([H])c([H])c([H])c1F
167,20314,20314,13599,,[H]C([H])=C([H])C([H])([H])Oc1c([H])c([H])c([H])c([H])c1Cl,[H]C([H])=C([H])C([H])([H])Oc1c([H])c([H])c([H])c([H])c1Cl
168,20315,20315,13601,,[H]C([H])=C([H])C([H])([H])Oc1c([H])c([H])c(Cl)c([H])c1C([H])([H])[H],[H]C([H])=C([H])C([H])([H])Oc1c([H])c([H])c(Cl)c([H])c1C([H])([H])[H]
169,20316,20316,13602,,[H]C([H])=C([H])C([H])([H])Oc1c([H])c(C([H])([H])[H])c([H])c(C([H])([H])[H])c1C([H])([H])[H],[H]C([H])=C([H])C([H])([H])Oc1c([H])c(C([H])([H])[H])c([H])c(C([H])([H])[H])c1C([H])([H])[H]
170,20317,20317,13603,,[H]C([H])=C([H])C([H])([H])Oc1c([H])c([H])c([H])c2c1C([H])([H])C([H])([H])C([H])([H])C2([H])[H],[H]C([H])=C([H])C([H])([H])Oc1c([H])c([H])c([H])c2c1C([H])([H])C([H])([H])C([H])([H])C2([H])[H]
171,20318,20318,13604,,[H]C([H])=C([H])C([H])([H])Oc1c([H])c([H])c(C([H])([H])[H])c([H])c1C(C([H])([H])[H])(C([H])([H])[H])C([H])([H])[H],[H]C([H])=C([H])C([H])([H])Oc1c([H])c([H])c(C([H])([H])[H])c([H])c1C(C([H])([H])[H])(C([H])([H])[H])C([H])([H])[H]
172,20319,20319,13605,,[H]C([H])=C([H])C([H])([H])Oc1c([H])c([H])c([H])c(OC([H])([H])[H])c1OC([H])([H])[H],[H]C([H])=C([H])C([H])([H])Oc1c([H])c([H])c([H])c(OC([H])([H])[H])c1OC([H])([H])[H]
173,20320,20320,13606,,[H]C([H])=C([H])C([H])([H])Oc1c([H])c([H])c(F)c([H])c1Cl,[H]C([H])=C([H])C([H])([H])Oc1c([H])c([H])c(F)c([H])c1Cl
174,20321,20321,13607,,[H]C([H])=C([H])C([H])([H])Oc1c(C([H])([H])[H])c([H])c([H])c([H])c1C([H])([H])[H],[H]C([H])=C([H])C([H])([H])Oc1c(C([H])([H])[H])c([H])c([H])c([H])c1C([H])([H])[H]
175,20322,20322,13608,,[H]C([H])=C([H])C([H])([H])Oc1c(C([H])([H])[H])c([H])c(C([H])([H])[H])c([H])c1C([H])([H])[H],[H]C([H])=C([H])C([H])([H])Oc1c(C([H])([H])[H])c([H])c(C([H])([H])[H])c([H])c1C([H])([H])[H]
176,20323,20323,13609,,[H]C([H])=C(C([H])([H])[H])C([H])([H])Oc1c([H])c([H])c([H])c([H])c1[H],[H]C([H])=C(C([H])([H])[H])C([H])([H])Oc1c([H])c([H])c([H])c([H])c1[H]
177,20324,20324,13610,,[H]C([H])=C(C([H])([H])[H])C([H])([H])Oc1c(C([H])([H])[H])c([H])c([H])c([H])c1C([H])([H])[H],[H]C([H])=C(C([H])([H])[H])C([H])([H])Oc1c(C([H])([H])[H])c([H])c([H])c([H])c1C([H])([H])[H]
178,20325,20325,13611,,[H]C(Oc1c([H])c([H])c(C([H])(C([H])([H])[H])C([H])([H])C([H])([H])[H])c([H])c1[H])=C([H])C([H])([H])[H],[H]C(Oc1c([H])c([H])c(C([H])(C([H])([H])[H])C([H])([H])C([H])([H])[H])c([H])c1[H])=C([H])C([H])([H])[H]
179,20326,20326,13612,,[H]C(Oc1c([H])c([H])c(C(C([H])([H])[H])(C([H])([H])[H])C([H])([H])[H])c([H])c1[H])=C([H])C([H])([H])[H],[H]C(Oc1c([H])c([H])c(C(C([H])([H])[H])(C([H])([H])[H])C([H])([H])[H])c([H])c1[H])=C([H])C([H])([H])[H]
180,20327,20327,13613,,[H]C(Oc1c([H])c([H])c(OC([H])([H])[H])c([H])c1[H])=C([H])C([H])([H])[H],[H]C(Oc1c([H])c([H])c(OC([H])([H])[H])c([H])c1[H])=C([H])C([H])([H])[H]
181,20328,20328,13614,,[H]C(Oc1c([H])c([H])c(SC([H])([H])[H])c([H])c1[H])=C([H])C([H])([H])[H],[H]C(Oc1c([H])c([H])c(SC([H])([H])[H])c([H])c1[H])=C([H])C([H])([H])[H]
182,20329,20329,13617,,[H]C(Oc1c([H])c(C([H])([H])[H])c([H])c(C([H])([H])[H])c1[H])=C([H])C([H])([H])[H],[H]C(Oc1c([H])c(C([H])([H])[H])c([H])c(C([H])([H])[H])c1[H])=C([H])C([H])([H])[H]
183,20330,20330,13618,,[H]C(Oc1c([H])c(C(C([H])([H])[H])(C([H])([H])[H])C([H])([H])[H])c([H])c(C(C([H])([H])[H])(C([H])([H])[H])C([H])([H])[H])c1[H])=C([H])C([H])([H])[H],[H]C(Oc1c([H])c(C(C([H])([H])[H])(C([H])([H])[H])C([H])([H])[H])c([H])c(C(C([H])([H])[H])(C([H])([H])[H])C([H])([H])[H])c1[H])=C([H])C([H])([H])[H]
184,20331,20331,13619,,[H]C(Oc1c([H])c(OC([H])([H])[H])c([H])c(OC([H])([H])[H])c1[H])=C([H])C([H])([H])[H],[H]C(Oc1c([H])c(OC([H])([H])[H])c([H])c(OC([H])([H])[H])c1[H])=C([H])C([H])([H])[H]
185,20332,20332,13620,,[H]C(Oc1c([H])c(Cl)c([H])c(Cl)c1[H])=C([H])C([H])([H])[H],[H]C(Oc1c([H])c(Cl)c([H])c(Cl)c1[H])=C([H])C([H])([H])[H]
186,20333,20333,13621,,[H]C(Oc1c([H])c(F)c([H])c(F)c1[H])=C([H])C([H])([H])[H],[H]C(Oc1c([H])c(F)c([H])c(F)c1[H])=C([H])C([H])([H])[H]
187,20334,20334,13622,,[H]C(Oc1c([H])c(OC([H])([H])[H])c(OC([H])([H])[H])c(OC([H])([H])[H])c1[H])=C([H])C([H])([H])[H],[H]C(Oc1c([H])c(OC([H])([H])[H])c(OC([H])([H])[H])c(OC([H])([H])[H])c1[H])=C([H])C([H])([H])[H]
192,20339,20339,14203,,[H]C(=C(C([H])([H])[H])C([H])([H])[H])C([H])([H])c1c([H])n([H])c2c([H])c([H])c([H])c([N+](=O)[O-])c12,[H]C(=C(C([H])([H])[H])C([H])([H])[H])C([H])([H])c1c([H])n([H])c2c([H])c([H])c([H])c([N+](=O)[O-])c12
196,20343,20343,14294,,[H]OC(=O)C([H])(N([H])C(=O)c1c([H])c(Cl)c2c(c1O[H])C(=O)OC([H])(C([H])([H])[H])C2([H])[H])C([H])([H])c1c([H])c([H])c([H])c([H])c1[H],[H]OC(=O)C([H])(N([H])C(=O)c1c([H])c(Cl)c2c(c1O[H])C(=O)OC([H])(C([H])([H])[H])C2([H])[H])C([H])([H])c1c([H])c([H])c([H])c([H])c1[H]
197,20344,20344,14297,,[H]C1=C([H])C(=O)C([H])([H])C1=O,[H]C1=C([H])C(=O)C([H])([H])C1=O
198,20345,20345,14299,,[H]C([H])([H])C1(C([H])([H])[H])C([H])([H])C(=O)C([H])([H])C(C([H])([H])[H])(C([H])([H])[H])C1([H])[H],[H]C([H])([H])C1(C([H])([H])[H])C([H])([H])C(=O)C([H])([H])C(C([H])([H])[H])(C([H])([H])[H])C1([H])[H]
199,20346,20346,14307,,[H]c1c([H])c([H])c(C([H])([H])S(=O)(=O)Cl)c([H])c1[H],[H]c1c([H])c([H])c(C([H])([H])S(=O)(=O)Cl)c([H])c1[H]
200,20347,20347,14308,,[H]c1c([H])c(S(=O)(=O)Cl)c([H])c([H])c1S(=O)(=O)F,[H]c1c([H])c(S(=O)(=O)Cl)c([H])c([H])c1S(=O)(=O)F
202,20349,20349,14310,,[H]c1c(C([H])([H])[H])c([H])c(C([H])([H])[H])c(S(=O)(=O)Cl)c1C([H])([H])[H],[H]c1c(C([H])([H])[H])c([H])c(C([H])([H])[H])c(S(=O)(=O)Cl)c1C([H])([H])[H]
203,20350,20350,14312,,[H]C([H])([H])OP([H])(=O)OC([H])([H])[H],[H]C([H])([H])OP([H])(=O)OC([H])([H])[H]
204,20351,20351,14313,,[H]C([H])([H])C([H])([H])OP([H])(=O)OC([H])([H])C([H])([H])[H],[H]C([H])([H])C([H])([H])OP([H])(=O)OC([H])([H])C([H])([H])[H]
205,20352,20352,14314,,[H]C([H])([H])OP(=O)(OC([H])([H])[H])C([H])([H])[H],[H]C([H])([H])OP(=O)(OC([H])([H])[H])C([H])([H])[H]
206,20353,20353,14315,,[H]C([H])([H])N(C([H])([H])[H])P(=O)(Cl)N(C([H])([H])[H])C([H])([H])[H],[H]C([H])([H])N(C([H])([H])[H])P(=O)(Cl)N(C([H])([H])[H])C([H])([H])[H]
207,20354,20354,14327,,[H]c1c([H])c([H])c2c(c1[H])OP(Cl)O2,[H]c1c([H])c([H])c2c(c1[H])OP(Cl)O2
208,20355,20355,14328,,[H]c1c([H])c([H])c(C([H])([H])OP(OC([H])([H])C([H])([H])[H])OC([H])([H])C([H])([H])[H])c([H])c1[H],[H]c1c([H])c([H])c(C([H])([H])OP(OC([H])([H])C([H])([H])[H])OC([H])([H])C([H])([H])[H])c([H])c1[H]
209,20356,20356,14329,,[H]c1c([H])c([H])c(OP(Oc2c([H])c([H])c([H])c([H])c2[H])Oc2c([H])c([H])c([H])c([H])c2[H])c([H])c1[H],[H]c1c([H])c([H])c(OP(Oc2c([H])c([H])c([H])c([H])c2[H])Oc2c([H])c([H])c([H])c([H])c2[H])c([H])c1[H]
210,20357,20357,14331,,[H]c1c([H])c([H])c(C([H])([H])OP([H])(=O)OC([H])([H])c2c([H])c([H])c([H])c([H])c2[H])c([H])c1[H],[H]c1c([H])c([H])c(C([H])([H])OP([H])(=O)OC([H])([H])c2c([H])c([H])c([H])c([H])c2[H])c([H])c1[H]
211,20358,20358,14332,,[H]c1c([H])c([H])c2c(c1[H])OP(OP1Oc3c([H])c([H])c([H])c([H])c3O1)O2,[H]c1c([H])c([H])c2c(c1[H])OP(OP1Oc3c([H])c([H])c([H])c([H])c3O1)O2
212,20359,20359,14341,,[H]c1c([H])c([N+](=O)[O-])c([H])c([H])c1C(=O)OC([H])([H])C([H])([H])[H],[H]c1c([H])c([N+](=O)[O-])c([H])c([H])c1C(=O)OC([H])([H])C([H])([H])[H]
213,20360,20360,14342,,[H]c1c([H])c([H])c(C([H])([H])OC(=O)C([H])([H])[H])c([H])c1[H],[H]c1c([H])c([H])c(C([H])([H])OC(=O)C([H])([H])[H])c([H])c1[H]
214,20361,20361,14344,,[H]c1c([H])c([H])c(C([H])([H])OC(=O)C([H])([H])C([H])([H])C(=O)OC([H])([H])c2c([H])c([H])c([H])c([H])c2[H])c([H])c1[H],[H]c1c([H])c([H])c(C([H])([H])OC(=O)C([H])([H])C([H])([H])C(=O)OC([H])([H])c2c([H])c([H])c([H])c([H])c2[H])c([H])c1[H]
215,20362,20362,14345,,[H]c1c([H])c([H])c(C([H])([H])OC(=O)C([H])([H])C(=O)OC([H])([H])c2c([H])c([H])c([H])c([H])c2[H])c([H])c1[H],[H]c1c([H])c([H])c(C([H])([H])OC(=O)C([H])([H])C(=O)OC([H])([H])c2c([H])c([H])c([H])c([H])c2[H])c([H])c1[H]
216,20363,20363,14377,,[H]C([H])=C([H])C([H])([H])Oc1c([H])c([H])c(C([H])([H])[H])c([H])c1[H],[H]C([H])=C([H])C([H])([H])Oc1c([H])c([H])c(C([H])([H])[H])c([H])c1[H]
217,20364,20364,14378,,[H]C([H])=C([H])C([H])([H])Oc1c([H])c([H])c(C([H])([H])C([H])([H])[H])c([H])c1[H],[H]C([H])=C([H])C([H])([H])Oc1c([H])c([H])c(C([H])([H])C([H])([H])[H])c([H])c1[H]
218,20365,20365,14379,,[H]C([H])=C([H])C([H])([H])Oc1c([H])c([H])c(C([H])(C([H])([H])[H])C([H])([H])[H])c([H])c1[H],[H]C([H])=C([H])C([H])([H])Oc1c([H])c([H])c(C([H])(C([H])([H])[H])C([H])([H])[H])c([H])c1[H]
219,20366,20366,14381,,[H]C([H])=C([H])C([H])([H])Oc1c([H])c([H])c([H])c(C(C([H])([H])[H])(C([H])([H])[H])C([H])([H])[H])c1[H],[H]C([H])=C([H])C([H])([H])Oc1c([H])c([H])c([H])c(C(C([H])([H])[H])(C([H])([H])[H])C([H])([H])[H])c1[H]
220,20367,20367,14382,,[H]C([H])=C([H])C([H])([H])Oc1c([H])c([H])c([H])c(OC([H])([H])[H])c1[H],[H]C([H])=C([H])C([H])([H])Oc1c([H])c([H])c([H])c(OC([H])([H])[H])c1[H]
221,20368,20368,14383,,[H]C([H])=C([H])C([H])([H])Oc1c([H])c([H])c([H])c(F)c1[H],[H]C([H])=C([H])C([H])([H])Oc1c([H])c([H])c([H])c(F)c1[H]
222,20369,20369,14384,,[H]C([H])=C([H])C([H])([H])Oc1c([H])c(Cl)c([H])c(OC([H])([H])[H])c1[H],[H]C([H])=C([H])C([H])([H])Oc1c([H])c(Cl)c([H])c(OC([H])([H])[H])c1[H]
223,20370,20370,14398,,[H]C(Oc1c([H])c([H])c([H])c(C([H])(C([H])([H])[H])C([H])([H])[H])c1[H])=C([H])C([H])([H])[H],[H]C(Oc1c([H])c([H])c([H])c(C([H])(C([H])([H])[H])C([H])([H])[H])c1[H])=C([H])C([H])([H])[H]
224,20371,20371,14399,,[H]C(Oc1c([H])c([H])c([H])c(C(C([H])([H])[H])(C([H])([H])[H])C([H])([H])[H])c1[H])=C([H])C([H])([H])[H],[H]C(Oc1c([H])c([H])c([H])c(C(C([H])([H])[H])(C([H])([H])[H])C([H])([H])[H])c1[H])=C([H])C([H])([H])[H]
225,20372,20372,14400,,[H]C(Oc1c([H])c([H])c([H])c(OC([H])([H])[H])c1[H])=C([H])C([H])([H])[H],[H]C(Oc1c([H])c([H])c([H])c(OC([H])([H])[H])c1[H])=C([H])C([H])([H])[H]
226,20373,20373,14401,,[H]C(Oc1c([H])c([H])c([H])c(F)c1[H])=C([H])C([H])([H])[H],[H]C(Oc1c([H])c([H])c([H])c(F)c1[H])=C([H])C([H])([H])[H]
227,20374,20374,14402,,[H]C(Oc1c([H])c([H])c([H])c(Cl)c1[H])=C([H])C([H])([H])[H],[H]C(Oc1c([H])c([H])c([H])c(Cl)c1[H])=C([H])C([H])([H])[H]
228,20375,20375,14404,,[H]C(Oc1c([H])c([H])c(Cl)c(C([H])([H])C([H])([H])[H])c1[H])=C([H])C([H])([H])[H],[H]C(Oc1c([H])c([H])c(Cl)c(C([H])([H])C([H])([H])[H])c1[H])=C([H])C([H])([H])[H]
229,20376,20376,14405,,[H]C(Oc1c([H])c([H])c2c(c1[H])C([H])([H])C([H])([H])C2([H])[H])=C([H])C([H])([H])[H],[H]C(Oc1c([H])c([H])c2c(c1[H])C([H])([H])C([H])([H])C2([H])[H])=C([H])C([H])([H])[H]
230,20377,20377,14406,,[H]C(Oc1c([H])c([H])c(OC([H])([H])[H])c(OC([H])([H])[H])c1[H])=C([H])C([H])([H])[H],[H]C(Oc1c([H])c([H])c(OC([H])([H])[H])c(OC([H])([H])[H])c1[H])=C([H])C([H])([H])[H]
231,20378,20378,14409,,[H]Oc1c(OC([H])([H])[H])c([H])c([H])c([H])c1C([H])=Nc1c([H])c([H])c(Oc2c([H])c([H])c(N=C([H])c3c([H])c([H])c([H])c(OC([H])([H])[H])c3O[H])c([H])c2[H])c([H])c1[H],[H]Oc1c(OC([H])([H])[H])c([H])c([H])c([H])c1C([H])=Nc1c([H])c([H])c(Oc2c([H])c([H])c(N=C([H])c3c([H])c([H])c([H])c(OC([H])([H])[H])c3O[H])c([H])c2[H])c([H])c1[H]
232,20379,20379,14412,,[H]C(Oc1c([H])c([H])c(F)c(F)c1[H])=C([H])C([H])([H])[H],[H]C(Oc1c([H])c([H])c(F)c(F)c1[H])=C([H])C([H])([H])[H]
233,20380,20380,14413,,[H]C(Oc1c([H])c([H])c(Cl)c(Cl)c1[H])=C([H])C([H])([H])[H],[H]C(Oc1c([H])c([H])c(Cl)c(Cl)c1[H])=C([H])C([H])([H])[H]
234,20381,20381,14414,,[H]C(Oc1c([H])c([H])c(F)c(Cl)c1[H])=C([H])C([H])([H])[H],[H]C(Oc1c([H])c([H])c(F)c(Cl)c1[H])=C([H])C([H])([H])[H]
235,20382,20382,14473,,[H]C(Oc1c([H])c([H])c([H])c([H])c1C([H])([H])[H])=C([H])C([H])([H])[H],[H]C(Oc1c([H])c([H])c([H])c([H])c1C([H])([H])[H])=C([H])C([H])([H])[H]
236,20383,20383,14474,,[H]C(Oc1c([H])c([H])c([H])c([H])c1C([H])([H])C([H])([H])[H])=C([H])C([H])([H])[H],[H]C(Oc1c([H])c([H])c([H])c([H])c1C([H])([H])C([H])([H])[H])=C([H])C([H])([H])[H]
237,20384,20384,14475,,[H]C(Oc1c([H])c([H])c([H])c([H])c1C([H])(C([H])([H])[H])C([H])([H])[H])=C([H])C([H])([H])[H],[H]C(Oc1c([H])c([H])c([H])c([H])c1C([H])(C([H])([H])[H])C([H])([H])[H])=C([H])C([H])([H])[H]
244,20391,20391,17718,,[H]C(=O)c1c([H])c([H])c(F)c(F)c1[H],[H]C(=O)c1c([H])c([H])c(F)c(F)c1[H]
246,20393,20393,18013,,[H]C(=O)c1c([H])c([H])c([H])c(C(F)(F)F)c1[H],[H]C(=O)c1c([H])c([H])c([H])c(C(F)(F)F)c1[H]
247,20394,20394,18018,,[H]c1c([H])c(C#N)c([H])c(C(F)(F)F)c1[H],[H]c1c([H])c(C#N)c([H])c(C(F)(F)F)c1[H]
248,20395,20395,18427,,[H]c1c([H])c([N+](=O)[O-])c(Cl)c(Cl)c1Cl,[H]c1c([H])c([N+](=O)[O-])c(Cl)c(Cl)c1Cl
259,20406,20406,20345,,[H]c1c([H])c([H])c(-n2c([H])c([H])c([H])c2C(=O)c2c([H])c([H])c(Cl)c([H])c2[H])c([H])c1[H],[H]c1c([H])c([H])c(-n2c([H])c([H])c([H])c2C(=O)c2c([H])c([H])c(Cl)c([H])c2[H])c([H])c1[H]
283,20430,20430,20408,,[H]C(=C([H])c1nnc(-c2c([H])c([H])nc([H])c2[H])o1)c1nnc(-c2c([H])c([H])nc([H])c2[H])o1,[H]C(=C([H])c1nnc(-c2c([H])c([H])nc([H])c2[H])o1)c1nnc(-c2c([H])c([H])nc([H])c2[H])o1
289,20436,20436,20419,,[H]Oc1c([H])c([H])c(C([H])=C([H])c2c([H])c([H])c([H])c([H])c2[H])c([H])c1[H],[H]Oc1c([H])c([H])c(C([H])=C([H])c2c([H])c([H])c([H])c([H])c2[H])c([H])c1[H]
294,20441,20441,20428,,[H]C(=C([H])c1nnsc1[H])c1nnsc1[H],[H]C(=C([H])c1nnsc1[H])c1nnsc1[H]
303,20450,20450,20442,,[H]c1c([H])c(S(=O)(=O)n2c3c([H])c([H])c([H])c([H])c3c3c([H])c([H])c([H])c([H])c32)c([H])c([H])c1Cl,[H]c1c([H])c(S(=O)(=O)n2c3c([H])c([H])c([H])c([H])c3c3c([H])c([H])c([H])c([H])c32)c([H])c([H])c1Cl
316,20463,20463,20468,,[H]C(=C([H])c1c([H])c([H])c([N+](=O)[O-])c([H])c1[H])c1c([H])c([H])c([H])c([H])c1[H],[H]C(=C([H])c1c([H])c([H])c([N+](=O)[O-])c([H])c1[H])c1c([H])c([H])c([H])c([H])c1[H]
328,20475,20475,20506,,[H]C(=C([H])[N+](=O)[O-])c1c([H])n(-c2c([H])c([H])c([H])c([H])c2[H])c2c([H])c([H])c([H])c([H])c12,[H]C(=C([H])[N+](=O)[O-])c1c([H])n(-c2c([H])c([H])c([H])c([H])c2[H])c2c([H])c([H])c([H])c([H])c12
329,20476,20476,20560,,[H]Oc1c([H])c([H])c2c([H])c([H])c3c([H])c([H])c4c([H])c([H])c5c([H])c([H])c(O[H])c6c1c2c3c4c56,[H]Oc1c([H])c([H])c2c([H])c([H])c3c([H])c([H])c4c([H])c([H])c5c([H])c([H])c(O[H])c6c1c2c3c4c56
336,20483,20483,20576,,[H]C#Cc1sc([N+](=O)[O-])c([H])c1[H],[H]C#Cc1sc([N+](=O)[O-])c([H])c1[H]
348,20495,20495,20942,,[H]C([H])([H])C([H])([H])C([H])([H])C([H])([H])C([H])([H])C([H])([H])C([H])([H])C([H])([H])C([H])([H])C([H])([H])C([H])([H])C([H])([H])C([H])([H])C([H])([H])C([H])([H])C([H])([H])[N+](C([H])([H])[H])(C([H])([H])[H])C([H])([H])[H],[H]C([H])([H])C([H])([H])C([H])([H])C([H])([H])C([H])([H])C([H])([H])C([H])([H])C([H])([H])C([H])([H])C([H])([H])C([H])([H])C([H])([H])C([H])([H])C([H])([H])C([H])([H])C([H])([H])[N+](C([H])([H])[H])(C([H])([H])[H])C([H])([H])[H]
350,20497,20497,21229,,[H]c1c([H])c(Cl)c(N([H])C(=O)C2([H])C([H])([H])C([H])([H])C2([H])[H])c(Cl)c1[H],[H]c1c([H])c(Cl)c(N([H])C(=O)C2([H])C([H])([H])C([H])([H])C2([H])[H])c(Cl)c1[H]
351,20498,20498,21230,,[H]C12OC1([H])C1([H])OC1([H])C1([H])OC21[H],[H]C12OC1([H])C1([H])OC1([H])C1([H])OC21[H]
352,20499,20499,21231,,[H]N(C(=O)C([H])([H])ON1C([H])([H])C1(C(F)(F)F)C(F)(F)F)C([H])([H])[H],[H]N(C(=O)C([H])([H])ON1C([H])([H])C1(C(F)(F)F)C(F)(F)F)C([H])([H])[H]
353,20500,20500,21232,,[H]N1C(=O)N([H])C2(C([H])([H])[H])N([H])C(=O)N([H])C12C([H])([H])[H],[H]N1C(=O)N([H])C2(C([H])([H])[H])N([H])C(=O)N([H])C12C([H])([H])[H]
354,20501,20501,21233,,[H]N1C(=O)N([H])C2([H])N(C([H])([H])C([H])([H])[H])C(=O)N(C([H])([H])C([H])([H])[H])C12[H],[H]N1C(=O)N([H])C2([H])N(C([H])([H])C([H])([H])[H])C(=O)N(C([H])([H])C([H])([H])[H])C12[H]
355,20502,20502,21234,,[H]c1c([H])c([H])n([H])c(=O)c1C(=O)OC([H])([H])[H],[H]c1c([H])c([H])n([H])c(=O)c1C(=O)OC([H])([H])[H]
359,20506,20506,21485,,[H]OC(=O)C1([H])C([H])([H])C([H])([H])C1([H])[H],[H]OC(=O)C1([H])C([H])([H])C([H])([H])C1([H])[H]
362,20509,20509,21659,,[H]OC(=O)C(C([H])=C([H])C([H])([H])C(O[H])(C([H])([H])[H])C1([H])C(=O)C([H])=C(C([H])([H])[H])C([H])([H])C1([H])[H])(C([H])([H])[H])C([H])([H])[H],[H]OC(=O)C(C([H])=C([H])C([H])([H])C(O[H])(C([H])([H])[H])C1([H])C(=O)C([H])=C(C([H])([H])[H])C([H])([H])C1([H])[H])(C([H])([H])[H])C([H])([H])[H]
363,20510,20510,22101,,[H]c1c(Cl)c([H])c2c([H])c([H])n([H])c2c1[H],[H]c1c(Cl)c([H])c2c([H])c([H])n([H])c2c1[H]
384,20531,20531,23914,,[H]C(C#N)(c1c(F)c(F)nc(F)c1F)c1c(F)c(F)c2c(F)c(F)c(F)c(F)c2c1F,[H]C(C#N)(c1c(F)c(F)nc(F)c1F)c1c(F)c(F)c2c(F)c(F)c(F)c(F)c2c1F
393,20540,20540,24037,,[H]c1nc([H])c([O-])nc1[H],[H]c1nc([H])c([O-])nc1[H]
401,20548,20548,24069,,[H]c1nc2c([H])c([H])nn2c(-c2oc([H])c([H])c2[H])c1[H],[H]c1nc2c([H])c([H])nn2c(-c2oc([H])c([H])c2[H])c1[H]
403,20550,20550,24075,,[H]c1nc(-n2c([H])c([H])c([H])c([H])c2=O)c([H])c([H])c1[H],[H]c1nc(-n2c([H])c([H])c([H])c([H])c2=O)c([H])c([H])c1[H]
439,20586,20586,24317,,[H]C(c1c(F)c(F)c(F)c(F)c1F)(c1c(F)c(F)c(F)c(F)c1F)c1c(F)c(Cl)c(F)c(Cl)c1F,[H]C(c1c(F)c(F)c(F)c(F)c1F)(c1c(F)c(F)c(F)c(F)c1F)c1c(F)c(Cl)c(F)c(Cl)c1F
448,20595,20595,24356,,[H]C(C#N)(c1c(F)c(F)c2c(F)c(F)c(F)c(F)c2c1F)c1c(F)c(F)c2c(F)c(F)c(F)c(F)c2c1F,[H]C(C#N)(c1c(F)c(F)c2c(F)c(F)c(F)c(F)c2c1F)c1c(F)c(F)c2c(F)c(F)c(F)c(F)c2c1F
472,20619,20619,24470,,[H]C(c1c(F)c(F)c(F)c(F)c1F)(c1c(F)c(F)c(F)c(F)c1F)c1c(F)c(F)c(F)c(F)c1F,[H]C(c1c(F)c(F)c(F)c(F)c1F)(c1c(F)c(F)c(F)c(F)c1F)c1c(F)c(F)c(F)c(F)c1F
482,20629,20629,24542,,[H]C1=C(F)C(F)(F)C(F)(F)c2c(F)c(F)c(F)c(F)c21,[H]C1=C(F)C(F)(F)C(F)(F)c2c(F)c(F)c(F)c(F)c21
483,20630,20630,24544,,[H]C1=C(Cl)C(=O)C(Cl)=C([H])C1=NCl,[H]C1=C(Cl)C(=O)C(Cl)=C([H])C1=NCl
485,20633,20633,24567,,[H]c1c([N+](=O)[O-])c([H])c2c([H])onc2c1[H],[H]c1c([N+](=O)[O-])c([H])c2c([H])onc2c1[H]
497,20645,20645,24628,,[H]c1nc2c([H])c([H])c([N+](=O)[O-])c([H])c2nc1-c1c([H])oc([H])c1[H],[H]c1nc2c([H])c([H])c([N+](=O)[O-])c([H])c2nc1-c1c([H])oc([H])c1[H]
508,20656,20656,24688,,[H]C(C(=O)ON=C(C(F)(F)F)C(F)(F)F)(C(F)(F)F)S(=O)(=O)F,[H]C(C(=O)ON=C(C(F)(F)F)C(F)(F)F)(C(F)(F)F)S(=O)(=O)F
516,20664,20664,24718,,[H]c1c(F)c(F)c(C([H])(C#N)c2c(F)c(F)c(F)c(F)c2F)c(F)c1F,[H]c1c(F)c(F)c(C([H])(C#N)c2c(F)c(F)c(F)c(F)c2F)c(F)c1F
530,20678,20678,24826,,[H]C1(Cl)OC(Cl)(Cl)C2([H])C3(Cl)C(Cl)=C(Cl)C(Cl)(C3(Cl)Cl)C12[H],[H]C1(Cl)OC(Cl)(Cl)C2([H])C3(Cl)C(Cl)=C(Cl)C(Cl)(C3(Cl)Cl)C12[H]
544,20692,20692,24896,,[H]c1c([H])c([H])c2c([H])onc2c1[N+](=O)[O-],[H]c1c([H])c([H])c2c([H])onc2c1[N+](=O)[O-]
545,20693,20693,24897,,[H]C(c1c(F)c(F)c(F)c(F)c1F)(c1c(F)c(F)c(F)c(F)c1F)c1c(Cl)c(Cl)c(Cl)c(Cl)c1Cl,[H]C(c1c(F)c(F)c(F)c(F)c1F)(c1c(F)c(F)c(F)c(F)c1F)c1c(Cl)c(Cl)c(Cl)c(Cl)c1Cl
549,20697,20697,24913,,[H]c1nc2c(c([H])c1[H])c([H])c([H])c1c([H])c([H])nc([H])c12,[H]c1nc2c(c([H])c1[H])c([H])c([H])c1c([H])c([H])nc([H])c12
551,20699,20699,24942,,[H]c1c([N+](=O)[O-])oc(C(F)(F)F)c1[H],[H]c1c([N+](=O)[O-])oc(C(F)(F)F)c1[H]
559,20707,20707,24998,,[H]OC(=O)C(C(F)=C(C(F)(F)F)C(F)(F)F)=C(F)C([H])(C(F)(F)F)C(F)(F)F,[H]OC(=O)C(C(F)=C(C(F)(F)F)C(F)(F)F)=C(F)C([H])(C(F)(F)F)C(F)(F)F
568,20716,20716,25028,,[H]OC(C(=O)C([H])(C(F)(F)F)C(F)(F)F)(C(F)(F)F)C(F)(F)F,[H]OC(C(=O)C([H])(C(F)(F)F)C(F)(F)F)(C(F)(F)F)C(F)(F)F
570,20718,20718,25040,,[H]c1c([N+](=O)[O-])c([H])c2noc([H])c2c1[H],[H]c1c([N+](=O)[O-])c([H])c2noc([H])c2c1[H]
572,20720,20720,25045,,[H]C(c1c(F)c(F)c(F)c(F)c1F)(c1c(F)c(F)c(F)c(F)c1F)c1c(F)c(F)c(C(F)(F)F)c(F)c1F,[H]C(c1c(F)c(F)c(F)c(F)c1F)(c1c(F)c(F)c(F)c(F)c1F)c1c(F)c(F)c(C(F)(F)F)c(F)c1F
580,20728,20728,25106,,[H]c1c(F)c([N+](=O)[O-])c([H])c([N+](=O)[O-])c1Cl,[H]c1c(F)c([N+](=O)[O-])c([H])c([N+](=O)[O-])c1Cl
586,20734,20734,25147,,[H]n1nc(SC([H])(F)F)c(=O)n([H])c1=O,[H]n1nc(SC([H])(F)F)c(=O)n([H])c1=O
598,20746,20746,25225,,[H]c1c([H])c([N+](=O)[O-])c(OC(F)(F)C(F)(F)F)c(OC(F)(F)C(F)(F)F)c1OC(F)(F)C(F)(F)F,[H]c1c([H])c([N+](=O)[O-])c(OC(F)(F)C(F)(F)F)c(OC(F)(F)C(F)(F)F)c1OC(F)(F)C(F)(F)F
609,20757,20757,25303,,[H]c1c(SC#N)c([H])c2c3c([H])c([N+](=O)[O-])c([H])c([H])c3n([H])c2c1[H],[H]c1c(SC#N)c([H])c2c3c([H])c([N+](=O)[O-])c([H])c([H])c3n([H])c2c1[H]
620,20768,20768,25449,,[H]c1c([H])c([H])c2c([H])c([H])c([N+](=O)[O-])c-2c([H])c1[H],[H]c1c([H])c([H])c2c([H])c([H])c([N+](=O)[O-])c-2c([H])c1[H]
625,20773,20773,25508,,[H]C(C#N)(C(F)(F)F)S(=O)(=O)F,[H]C(C#N)(C(F)(F)F)S(=O)(=O)F
628,20776,20776,25521,,[H]Oc1oc([H])c([H])c1[H],[H]Oc1oc([H])c([H])c1[H]
639,20787,20787,25610,,[H]c1nc2c(c([H])c1[H])c([H])c([H])c1nnnn12,[H]c1nc2c(c([H])c1[H])c([H])c([H])c1nnnn12
640,20788,20788,25618,,[H]N(C(=O)C([H])(C(F)(F)F)C(F)(F)F)C(=O)C([H])(C(F)(F)F)S(=O)(=O)F,[H]N(C(=O)C([H])(C(F)(F)F)C(F)(F)F)C(=O)C([H])(C(F)(F)F)S(=O)(=O)F
657,20805,20805,25738,,[H]C(C#N)(c1c(F)c(F)c(F)c(F)c1F)c1c(F)c(F)c2c(F)c(F)c(F)c(F)c2c1F,[H]C(C#N)(c1c(F)c(F)c(F)c(F)c1F)c1c(F)c(F)c2c(F)c(F)c(F)c(F)c2c1F
676,20824,20824,25898,,[H]C(F)=C=C(C([H])(F)F)C(F)(F)Cl,[H]C(F)=C=C(C([H])(F)F)C(F)(F)Cl
678,20826,20826,25905,,[H]C(=O)c1c([H])n([H])c2c([H])c([H])c3c([N+](=O)[O-])c([H])c([H])c([H])c3c12,[H]C(=O)c1c([H])n([H])c2c([H])c([H])c3c([N+](=O)[O-])c([H])c([H])c([H])c3c12
688,20836,20836,25956,,[H]C(C#N)(c1c(F)c(F)c(F)c(F)c1F)c1c(F)c(F)c(C(F)(F)F)c(F)c1F,[H]C(C#N)(c1c(F)c(F)c(F)c(F)c1F)c1c(F)c(F)c(C(F)(F)F)c(F)c1F
705,20853,20853,26105,,[H]c1c([H])c([H])c2c(c1[H])c([H])c([H])c1c([H])c([H])c([H])n12,[H]c1c([H])c([H])c2c(c1[H])c([H])c([H])c1c([H])c([H])c([H])n12
707,20855,20855,26119,,[H]c1nc2c([H])c([N+](=O)[O-])c([H])c([H])c2nc1-c1c([H])oc([H])c1[H],[H]c1nc2c([H])c([N+](=O)[O-])c([H])c([H])c2nc1-c1c([H])oc([H])c1[H]
710,20858,20858,26131,,[H]Oc1nc([H])c([H])nc1[H],[H]Oc1nc([H])c([H])nc1[H]
714,20862,20862,26160,,[H]c1nc2c([H])c3nc([H])n([H])c(=O)c3c([H])c2s1,[H]c1nc2c([H])c3nc([H])n([H])c(=O)c3c([H])c2s1
715,20863,20863,26169,,[H]c1c(OC(F)(F)C(F)(F)F)c(OC(F)(F)C(F)(F)F)c(OC(F)(F)C(F)(F)F)c(OC(F)(F)C(F)(F)F)c1OC(F)(F)C(F)(F)F,[H]c1c(OC(F)(F)C(F)(F)F)c(OC(F)(F)C(F)(F)F)c(OC(F)(F)C(F)(F)F)c(OC(F)(F)C(F)(F)F)c1OC(F)(F)C(F)(F)F
737,20885,20885,26285,,[H]C(=O)c1c([H])n([H])c2c([H])c([N+](=O)[O-])c3c([N+](=O)[O-])c([H])c([H])c([H])c3c12,[H]C(=O)c1c([H])n([H])c2c([H])c([N+](=O)[O-])c3c([N+](=O)[O-])c([H])c([H])c([H])c3c12
747,20895,20895,26346,,[H]c1c(F)c(F)c(N([H])c2c([H])c([H])c([N+](=O)[O-])c([H])c2[N+](=O)[O-])c(F)c1F,[H]c1c(F)c(F)c(N([H])c2c([H])c([H])c([N+](=O)[O-])c([H])c2[N+](=O)[O-])c(F)c1F
782,20930,20930,26580,,[H]ON=C1C([H])=C([H])C(=O)C(F)=C1[H],[H]ON=C1C([H])=C([H])C(=O)C(F)=C1[H]
791,20939,20939,26625,,[H]C(c1c(F)c(F)c(F)c(F)c1F)(c1c(F)c(F)c(F)c(F)c1F)c1c(F)c(F)c(F)c(Cl)c1F,[H]C(c1c(F)c(F)c(F)c(F)c1F)(c1c(F)c(F)c(F)c(F)c1F)c1c(F)c(F)c(F)c(Cl)c1F
793,20941,20941,26657,,[H]c1nc2c(c([H])c1[H])c([H])c([H])c1c([H])c([H])c3nc([H])c([H])c([H])c3c12,[H]c1nc2c(c([H])c1[H])c([H])c([H])c1c([H])c([H])c3nc([H])c([H])c([H])c3c12
797,20945,20945,26695,,[H]OC([H])(C([H])(C(F)(F)F)C(F)(F)C(F)(F)C(F)(F)F)C(F)(C(F)(F)F)C(F)(F)F,[H]OC([H])(C([H])(C(F)(F)F)C(F)(F)C(F)(F)C(F)(F)F)C(F)(C(F)(F)F)C(F)(F)F
805,20953,20953,26760,,[H]c1c(Cl)c([H])c2noc([H])c2c1[H],[H]c1c(Cl)c([H])c2noc([H])c2c1[H]
808,20956,20956,26776,,[H]C(C#N)(c1c(F)c(F)nc(F)c1F)c1c(F)c(F)nc(F)c1F,[H]C(C#N)(c1c(F)c(F)nc(F)c1F)c1c(F)c(F)nc(F)c1F
814,20962,20962,26817,,[H]c1c(F)c([N+](=O)[O-])c([H])c2c(=O)n([H])c([H])nc12,[H]c1c(F)c([N+](=O)[O-])c([H])c2c(=O)n([H])c([H])nc12
824,20972,20972,26876,,[H]c1c([H])c([H])c2c([H])c([H])c(C#N)c-2c([H])c1[H],[H]c1c([H])c([H])c2c([H])c([H])c(C#N)c-2c([H])c1[H]
835,20983,20983,26940,,[H]C(=O)c1nc([H])c([H])c([H])c1C([H])=O,[H]C(=O)c1nc([H])c([H])c([H])c1C([H])=O
850,20998,20998,27060,,[H]c1sc2nc(-c3oc([N+](=O)[O-])c([H])c3[H])c([N+](=O)[O-])n2c1[H],[H]c1sc2nc(-c3oc([N+](=O)[O-])c([H])c3[H])c([N+](=O)[O-])n2c1[H]
920,21068,21068,27539,,[H]OC(=O)c1c(Cl)nn2nc([H])c([H])c([H])c12,[H]OC(=O)c1c(Cl)nn2nc([H])c([H])c([H])c12
938,21086,21086,27631,,[H]C(S(=O)(=O)Cl)(S(=O)(=O)Cl)S(=O)(=O)Cl,[H]C(S(=O)(=O)Cl)(S(=O)(=O)Cl)S(=O)(=O)Cl
940,21088,21088,27647,,[H]C(C#N)(c1c(F)c(F)c(F)c(F)c1F)c1c(Cl)c(F)c(Cl)c(F)c1Cl,[H]C(C#N)(c1c(F)c(F)c(F)c(F)c1F)c1c(Cl)c(F)c(Cl)c(F)c1Cl
977,21125,21125,27866,,[H]C1=C(C#N)C2([H])C3([H])OC4([H])C2([H])C4(C#N)C13[H],[H]C1=C(C#N)C2([H])C3([H])OC4([H])C2([H])C4(C#N)C13[H]
991,21139,21139,27969,,[H]OC1([H])c2c([H])c(C#N)c([H])c([H])c2OC1([H])[N+](=O)[O-],[H]OC1([H])c2c([H])c(C#N)c([H])c([H])c2OC1([H])[N+](=O)[O-]
1025,21173,21173,28136,,[H]C(F)(C(F)(F)F)C([H])(F)C(F)(C(F)(F)F)C(F)(F)F,[H]C(F)(C(F)(F)F)C([H])(F)C(F)(C(F)(F)F)C(F)(F)F
1055,21203,21203,28368,,[H]c1nc([H])c2nc(-c3sc([H])c([H])c3[H])nnc2c1[H],[H]c1nc([H])c2nc(-c3sc([H])c([H])c3[H])nnc2c1[H]
1078,21227,21227,28547,,[H]c1s[n+]([H])c([H])c1[H],[H]c1s[n+]([H])c([H])c1[H]
1110,21259,21259,28748,,[H]c1c(Cl)nc2c(=O)n([H])c([H])nc2c1[H],[H]c1c(Cl)nc2c(=O)n([H])c([H])nc2c1[H]
1122,21271,21271,28818,,[H]c1c2c(c([H])c3c1C(F)(F)C3(F)F)C(F)(F)C2(F)F,[H]c1c2c(c([H])c3c1C(F)(F)C3(F)F)C(F)(F)C2(F)F
1147,21296,21296,28938,,[H]c1c(-c2nc3c([H])c([H])c([H])c([H])c3n([H])c2=O)oc([N+](=O)[O-])c1[H],[H]c1c(-c2nc3c([H])c([H])c([H])c([H])c3n([H])c2=O)oc([N+](=O)[O-])c1[H]
1159,21308,21308,29069,,[H]c1nc([H])c2nc(-c3oc([H])c([H])c3[H])nnc2c1[H],[H]c1nc([H])c2nc(-c3oc([H])c([H])c3[H])nnc2c1[H]
1167,21316,21316,29092,,[H]C(=O)c1c(Cl)nc(Cl)c([H])c1[H],[H]C(=O)c1c(Cl)nc(Cl)c([H])c1[H]
1176,21325,21325,29166,,[H]Oc1c([H])c([H])c([H])c2nc([H])c(-c3oc([H])c([H])c3[H])nc12,[H]Oc1c([H])c([H])c([H])c2nc([H])c(-c3oc([H])c([H])c3[H])nc12
1189,21338,21338,29214,,[H]C1=C([H])C2([H])C(Cl)=C([H])C1([H])C2([H])Cl,[H]C1=C([H])C2([H])C(Cl)=C([H])C1([H])C2([H])Cl
1195,21344,21344,29253,,[H]c1sc([H])c(C(=O)C(F)(F)F)c1N=[N+]=[N-],[H]c1sc([H])c(C(=O)C(F)(F)F)c1N=[N+]=[N-]
1201,21350,21350,29283,,[H]c1nc([H])c2c(=S)n([H])c([H])nc2c1[H],[H]c1nc([H])c2c(=S)n([H])c([H])nc2c1[H]
1202,21351,21351,29286,,[H]c1nc2nc(-c3oc([N+](=O)[O-])c([H])c3[H])c([N+](=O)[O-])n2c([H])c1[H],[H]c1nc2nc(-c3oc([N+](=O)[O-])c([H])c3[H])c([N+](=O)[O-])n2c([H])c1[H]
1236,21385,21385,29503,,[H]c1c(Cl)c([H])c2n[s+]sc2c1[H],[H]c1c(Cl)c([H])c2n[s+]sc2c1[H]
1263,21412,21412,29679,,[H]Oc1c([H])c([H])c2c([H])c([N+](=O)[O-])c([H])c([H])c2c1C([H])=O,[H]Oc1c([H])c([H])c2c([H])c([N+](=O)[O-])c([H])c([H])c2c1C([H])=O
1265,21414,21414,29683,,[H]c1nc(Cl)[n+]([O-])nc1[H],[H]c1nc(Cl)[n+]([O-])nc1[H]
1284,21433,21433,29811,,[H]C(=O)C([H])=C(c1c([H])c([H])c2c([H])c([H])c([H])c([H])c([H])c1-2)C(F)(F)F,[H]C(=O)C([H])=C(c1c([H])c([H])c2c([H])c([H])c([H])c([H])c([H])c1-2)C(F)(F)F
1286,21435,21435,29825,,[H]C1=C(F)C2([H])C3(Cl)C(=O)N([H])C(=O)C3(Cl)C2([H])C2([H])C1([H])C1(Cl)C(=O)N([H])C(=O)C12Cl,[H]C1=C(F)C2([H])C3(Cl)C(=O)N([H])C(=O)C3(Cl)C2([H])C2([H])C1([H])C1(Cl)C(=O)N([H])C(=O)C12Cl
1300,21449,21449,29905,,[H]C1(F)C(F)(F)C1(F)Cl,[H]C1(F)C(F)(F)C1(F)Cl
1324,21473,21473,30025,,[H]c1c(N=[N+]=[N-])nc(N=[N+]=[N-])nc1N=[N+]=[N-],[H]c1c(N=[N+]=[N-])nc(N=[N+]=[N-])nc1N=[N+]=[N-]
1328,21477,21477,30060,,[H]c1c2nssc-2c(Cl)c(=O)c1Cl,[H]c1c2nssc-2c(Cl)c(=O)c1Cl
1335,21484,21484,30100,,[H]C(C(=O)C(F)(F)C(F)(F)F)(C(F)(F)F)C(F)(F)C(F)(C(F)(F)F)C(F)(F)F,[H]C(C(=O)C(F)(F)C(F)(F)F)(C(F)(F)F)C(F)(F)C(F)(C(F)(F)F)C(F)(F)F
1341,21490,21490,30137,,[H]OC1([H])c2c([H])c([N+](=O)[O-])c([H])c([H])c2OC1([H])[N+](=O)[O-],[H]OC1([H])c2c([H])c([N+](=O)[O-])c([H])c([H])c2OC1([H])[N+](=O)[O-]
1411,21560,21560,30471,,[H]C(F)(F)OS(=O)(=O)C(F)(F)F,[H]C(F)(F)OS(=O)(=O)C(F)(F)F
1438,21587,21587,30641,,[H]C(=O)n1c([H])c([H])c2c([H])c([H])c([H])c([H])c21,[H]C(=O)n1c([H])c([H])c2c([H])c([H])c([H])c([H])c21
1452,21601,21601,30694,,[H]c1sc(=S)n([H])c1[H],[H]c1sc(=S)n([H])c1[H]
1462,21611,21611,30822,,[H]c1c(-c2nc3c([H])c([H])c([H])c([H])n3c2[N+](=O)[O-])oc([N+](=O)[O-])c1[H],[H]c1c(-c2nc3c([H])c([H])c([H])c([H])n3c2[N+](=O)[O-])oc([N+](=O)[O-])c1[H]
1509,21658,21658,31109,,[H]C1(F)C(F)(F)C1(F)F,[H]C1(F)C(F)(F)C1(F)F
1516,21665,21665,31137,,[H]C(F)(C(F)(F)C(F)(F)F)C([H])(C(F)(F)F)C(F)(F)F,[H]C(F)(C(F)(F)C(F)(F)F)C([H])(C(F)(F)F)C(F)(F)F
1533,21682,21682,31216,,[H]C(C(=O)C(F)(F)F)(C(F)(C(F)(F)F)C(F)(F)F)C(F)(C(F)(F)F)C(F)(F)F,[H]C(C(=O)C(F)(F)F)(C(F)(C(F)(F)F)C(F)(F)F)C(F)(C(F)(F)F)C(F)(F)F
1540,21689,21689,31245,,[H]c1c(Cl)c([H])c2s[s+]nc2c1[H],[H]c1c(Cl)c([H])c2s[s+]nc2c1[H]
1549,21698,21698,31306,,[H]C(C(=O)C(F)(F)C(F)(F)C(F)(F)F)(C(=O)C(F)(F)C(F)(F)C(F)(F)F)C(=O)C(F)(F)C(F)(F)C(F)(F)F,[H]C(C(=O)C(F)(F)C(F)(F)C(F)(F)F)(C(=O)C(F)(F)C(F)(F)C(F)(F)F)C(=O)C(F)(F)C(F)(F)C(F)(F)F
1556,21705,21705,31329,,[H]C(=O)c1c(Cl)nn2nc([H])c([H])c([H])c12,[H]C(=O)c1c(Cl)nn2nc([H])c([H])c([H])c12
1559,21708,21708,31339,,[H]C(F)(C(F)(F)F)S(=O)(=O)F,[H]C(F)(C(F)(F)F)S(=O)(=O)F
1568,21717,21717,31394,,[H]C1=C([H])C2([H])C([H])=C([H])C1([H])C2([H])Cl,[H]C1=C([H])C2([H])C([H])=C([H])C1([H])C2([H])Cl
1573,21722,21722,31419,,[H]c1nc2c([H])c([H])c([H])c([H])c2nc1-c1oc([H])c([H])c1[H],[H]c1nc2c([H])c([H])c([H])c([H])c2nc1-c1oc([H])c([H])c1[H]
1581,21730,21730,31451,,[H]c1c([H])c([H])c2c(c1[H])c([H])c([H])c1c([H])c([H])[n+]3c([H])c([H])c4c([H])c([H])c([H])c([H])c4c3c12,[H]c1c([H])c([H])c2c(c1[H])c([H])c([H])c1c([H])c([H])[n+]3c([H])c([H])c4c([H])c([H])c([H])c([H])c4c3c12
1597,21747,21747,31559,,[H]C1=C([N+](=O)[O-])C([H])(S(=O)(=O)[O-])C(=[N+]([O-])[O-])C([H])(S(=O)(=O)[O-])C1=[N+]([O-])[O-],[H]C1=C([N+](=O)[O-])C([H])(S(=O)(=O)[O-])C(=[N+]([O-])[O-])C([H])(S(=O)(=O)[O-])C1=[N+]([O-])[O-]
1639,21789,21789,31811,,[H]C(=O)C([H])=C(c1c([H])c([H])c([H])n1[H])C(F)(F)F,[H]C(=O)C([H])=C(c1c([H])c([H])c([H])n1[H])C(F)(F)F
1652,21802,21802,31863,,[H]c1c([H])c([H])c2c([H])c([N+](=O)[O-])c([H])c-2c([H])c1[H],[H]c1c([H])c([H])c2c([H])c([N+](=O)[O-])c([H])c-2c([H])c1[H]
1661,21811,21811,31916,,[H]c1c(F)nc2nc([H])n([H])c(=O)c2c1[H],[H]c1c(F)nc2nc([H])n([H])c(=O)c2c1[H]
1664,21814,21814,31961,,[H]C(Cl)(Cl)C([H])([H])C([H])([H])C([H])(C([H])(Cl)Cl)C(Cl)(Cl)Cl,[H]C(Cl)(Cl)C([H])([H])C([H])([H])C([H])(C([H])(Cl)Cl)C(Cl)(Cl)Cl
1667,21817,21817,31971,,[H]c1c([N+](=O)[O-])c([H])c2c(c1[H])c([H])c([H])c([H])[n+]2[O-],[H]c1c([N+](=O)[O-])c([H])c2c(c1[H])c([H])c([H])c([H])[n+]2[O-]
1677,21827,21827,32000,,[H]C(C(=O)C(F)(F)F)(C(=O)C(F)(F)F)C(=O)C(F)(F)F,[H]C(C(=O)C(F)(F)F)(C(=O)C(F)(F)F)C(=O)C(F)(F)F
1682,21832,21832,32027,,[H]C(=O)c1nc2c([H])c([H])c([H])c([N+](=O)[O-])c2c([H])c1[H],[H]C(=O)c1nc2c([H])c([H])c([H])c([N+](=O)[O-])c2c([H])c1[H]
1689,21839,21839,32065,,[H]C(Cl)(C(=O)Cl)C([H])(OP(=O)(Cl)Cl)C(=O)Cl,[H]C(Cl)(C(=O)Cl)C([H])(OP(=O)(Cl)Cl)C(=O)Cl
1756,21906,21906,32448,,[H]C1=C([H])C2([H])OC1([H])C1([H])C3([H])OC([H])(C([H])=C3[H])C21C#N,[H]C1=C([H])C2([H])OC1([H])C1([H])C3([H])OC([H])(C([H])=C3[H])C21C#N
1758,21908,21908,32461,,[H]C1=C([H])C2([H])N(c3c([H])c([H])c([H])c4c([H])c([H])c([H])c([H])c34)OC1([H])C([H])([H])C2([H])[H],[H]C1=C([H])C2([H])N(c3c([H])c([H])c([H])c4c([H])c([H])c([H])c([H])c34)OC1([H])C([H])([H])C2([H])[H]
1792,21942,21942,32617,,[H]c1c([H])c2c([H])c([H])c([H])c3c(=C(C#N)C#N)c([H])c([H])c(c1[H])c23,[H]c1c([H])c2c([H])c([H])c([H])c3c(=C(C#N)C#N)c([H])c([H])c(c1[H])c23
1795,21945,21945,32637,,[H]c1c([H])c([H])c2s[s+]nc2c1[H],[H]c1c([H])c([H])c2s[s+]nc2c1[H]
1799,21949,21949,32646,,[H]c1c([H])c([H])c2c(nnc3c([H])c([H])c([H])n32)c1[H],[H]c1c([H])c([H])c2c(nnc3c([H])c([H])c([H])n32)c1[H]
1823,21973,21973,32787,,[H]c1nc([N+](=O)[O-])sc1[H],[H]c1nc([N+](=O)[O-])sc1[H]
1830,21980,21980,32846,,[H]c1c([H])c([H])c2c(c1[H])c(=O)c1c([H])c([H])c3c(c([H])c([H])c(=O)n3[H])c1n2[H],[H]c1c([H])c([H])c2c(c1[H])c(=O)c1c([H])c([H])c3c(c([H])c([H])c(=O)n3[H])c1n2[H]
1862,22012,22012,33016,,[H]C(=O)n1c2c([H])c([H])c([H])c([H])c2c2c([H])c([H])c([H])c([H])c21,[H]C(=O)n1c2c([H])c([H])c([H])c([H])c2c2c([H])c([H])c([H])c([H])c21
1892,22042,22042,33288,,[H]C(C#N)(C#N)c1c(F)c(F)c2c(F)c(F)c(F)c(F)c2c1F,[H]C(C#N)(C#N)c1c(F)c(F)c2c(F)c(F)c(F)c(F)c2c1F
1896,22046,22046,36735,,[H]c1c(C([H])([H])[H])c(C(=O)C([H])([H])[H])c2c(C(=O)C([H])([H])[H])c(C([H])([H])[H])c([H])c(OC([H])([H])[H])c2c1OC([H])([H])[H],[H]c1c(C([H])([H])[H])c(C(=O)C([H])([H])[H])c2c(C(=O)C([H])([H])[H])c(C([H])([H])[H])c([H])c(OC([H])([H])[H])c2c1OC([H])([H])[H]
1900,22050,22050,37253,,[H]C([H])=C([H])C(=O)OC([H])(C(F)(F)F)C(F)(F)F,[H]C([H])=C([H])C(=O)OC([H])(C(F)(F)F)C(F)(F)F
1903,22053,22053,37684,,[H]C(Cl)(Cl)C(=O)Oc1c(Cl)c(Cl)c(Cl)c(Cl)c1Cl,[H]C(Cl)(Cl)C(=O)Oc1c(Cl)c(Cl)c(Cl)c(Cl)c1Cl
1905,22055,22055,37712,,[H]c1c([H])c([H])c2c(C(=O)C#N)c([H])c([H])c([H])c2c1[H],[H]c1c([H])c([H])c2c(C(=O)C#N)c([H])c([H])c([H])c2c1[H]
1907,22057,22057,37714,,[H]C(Cl)(C(Cl)(Cl)Cl)C(Cl)(Cl)Cl,[H]C(Cl)(C(Cl)(Cl)Cl)C(Cl)(Cl)Cl
1909,22059,22059,37718,,[H]c1c([H])c([H])c(S(=O)(=O)Cl)c([N+](=O)[O-])c1[H],[H]c1c([H])c([H])c(S(=O)(=O)Cl)c([N+](=O)[O-])c1[H]
1911,22061,22061,37721,,[H]c1c([H])c([H])c(N=C=O)c(Cl)c1[H],[H]c1c([H])c([H])c(N=C=O)c(Cl)c1[H]
1912,22062,22062,37722,,[H]c1c([H])c([H])c2c([H])c(C(=O)Cl)c([H])c([H])c2c1[H],[H]c1c([H])c([H])c2c([H])c(C(=O)Cl)c([H])c([H])c2c1[H]
1913,22063,22063,37723,,[H]c1c([H])c([H])c2c(C(=O)Cl)c([H])c([H])c([H])c2c1[H],[H]c1c([H])c([H])c2c(C(=O)Cl)c([H])c([H])c([H])c2c1[H]
1917,22067,22067,37730,,[H]c1c([H])c(C(=O)Cl)c(Cl)c([H])c1Cl,[H]c1c([H])c(C(=O)Cl)c(Cl)c([H])c1Cl
1918,22068,22068,37731,,[H]c1c([H])c(C(=O)Cl)c([H])c([N+](=O)[O-])c1[H],[H]c1c([H])c(C(=O)Cl)c([H])c([N+](=O)[O-])c1[H]
1919,22069,22069,37733,,[H]C(Cl)(Cl)C(=O)[O-],[H]C(Cl)(Cl)C(=O)[O-]
1920,22070,22070,37737,,[H]c1c(S(=O)(=O)[O-])c([H])c2c([O-])c([N+](=O)[O-])c([H])c([N+](=O)[O-])c2c1[H],[H]c1c(S(=O)(=O)[O-])c([H])c2c([O-])c([N+](=O)[O-])c([H])c([N+](=O)[O-])c2c1[H]
1927,22077,22077,37751,,[H]c1c([H])c(Cl)c([H])c(C(=O)Cl)c1[H],[H]c1c([H])c(Cl)c([H])c(C(=O)Cl)c1[H]
1928,22078,22078,37752,,[H]c1nc2c(c([H])c1[H])c([H])c([N+](=O)[O-])c1c([H])c([H])c([H])nc12,[H]c1nc2c(c([H])c1[H])c([H])c([N+](=O)[O-])c1c([H])c([H])c([H])nc12
1935,22085,22085,37779,,[H]OC1([H])c2c([H])c([H])c([H])c3c([H])c([H])c([H])c(c23)C1([H])[H],[H]OC1([H])c2c([H])c([H])c([H])c3c([H])c([H])c([H])c(c23)C1([H])[H]
1938,22088,22088,37789,,[H]On1c([H])c([H])c([H])c([H])c1=S,[H]On1c([H])c([H])c([H])c([H])c1=S
1941,22091,22091,37793,,[H]Sc1c([H])c([H])c2c([H])c([H])c([H])c([H])c2c1[H],[H]Sc1c([H])c([H])c2c([H])c([H])c([H])c([H])c2c1[H]
1942,22092,22092,38230,,[H]c1c([H])c(C(F)(F)F)c([H])c(F)c1C#N,[H]c1c([H])c(C(F)(F)F)c([H])c(F)c1C#N
1943,22093,22093,38289,,[H]OC([H])(c1c2c([H])c([H])c([H])c([H])c2c([H])c2c([H])c([H])c([H])c([H])c12)C(F)(F)F,[H]OC([H])(c1c2c([H])c([H])c([H])c([H])c2c([H])c2c([H])c([H])c([H])c([H])c12)C(F)(F)F
1946,22096,22096,38469,,[H]c1nc(=O)n([H])c(=O)n1[H],[H]c1nc(=O)n([H])c(=O)n1[H]
1954,22104,22104,39122,,[H]C(=O)c1c([H])c(F)c([H])c([H])c1[N+](=O)[O-],[H]C(=O)c1c([H])c(F)c([H])c([H])c1[N+](=O)[O-]
1955,22105,22105,39133,,[H]Oc1c(Cl)c(Cl)c([H])c(Cl)c1Cl,[H]Oc1c(Cl)c(Cl)c([H])c(Cl)c1Cl
1958,22108,22108,39320,,[H]c1c(Cl)nc(C(F)(F)F)c([H])c1[H],[H]c1c(Cl)nc(C(F)(F)F)c([H])c1[H]
1961,22111,22111,39702,,[H]c1c([H])c([N+](=O)[O-])c([H])c(S(=O)(=O)OC([H])([H])C2([H])OC2([H])[H])c1[H],[H]c1c([H])c([N+](=O)[O-])c([H])c(S(=O)(=O)OC([H])([H])C2([H])OC2([H])[H])c1[H]
1974,22124,22124,40189,,[H]OC(=O)C([H])=C([H])c1c([H])c([H])c([H])c(C(F)(F)F)c1[H],[H]OC(=O)C([H])=C([H])c1c([H])c([H])c([H])c(C(F)(F)F)c1[H]
1979,22129,22129,40330,,[H]c1c(F)c(F)nc(F)c1F,[H]c1c(F)c(F)nc(F)c1F
1993,22143,22143,40579,,[H]OC(=O)c1c(O[H])nc([H])c([H])c1[H],[H]OC(=O)c1c(O[H])nc([H])c([H])c1[H]
2005,22155,22155,43321,,[H]c1sc(-c2c3c([H])c([H])c(C(C([H])([H])[H])(C([H])([H])[H])C([H])([H])[H])c([H])c3c(-c3sc([H])c([H])c3[H])c3c([H])c([H])c(C(C([H])([H])[H])(C([H])([H])[H])C([H])([H])[H])c([H])c23)c([H])c1[H],[H]c1sc(-c2c3c([H])c([H])c(C(C([H])([H])[H])(C([H])([H])[H])C([H])([H])[H])c([H])c3c(-c3sc([H])c([H])c3[H])c3c([H])c([H])c(C(C([H])([H])[H])(C([H])([H])[H])C([H])([H])[H])c([H])c23)c([H])c1[H]
2029,22179,22179,43807,,[H]OC(=O)C1(O[H])C([H])([H])C([H])(O[H])C([H])(O[H])C([H])(O[H])C1([H])[H],[H]OC(=O)C1(O[H])C([H])([H])C([H])(O[H])C([H])(O[H])C([H])(O[H])C1([H])[H]
2030,22180,22180,43810,,[H]c1c([H])c([H])c2c(c1[H])-c1c([H])c([H])c3c([H])c([H])c4c([H])c([H])c([H])c5c([H])c-2c1c3c45,[H]c1c([H])c([H])c2c(c1[H])-c1c([H])c([H])c3c([H])c([H])c4c([H])c([H])c([H])c5c([H])c-2c1c3c45
2034,22184,22184,43824,,[H]OC([H])([H])C1([H])OC([H])(n2c([H])nc3c(=O)n([H])c([H])nc32)C([H])(O[H])C1([H])O[H],[H]OC([H])([H])C1([H])OC([H])(n2c([H])nc3c(=O)n([H])c([H])nc32)C([H])(O[H])C1([H])O[H]
2041,22191,22191,43888,,[H]c1c([H])c(=O)n([H])n([H])c1=O,[H]c1c([H])c(=O)n([H])n([H])c1=O
